{
    "output": "experiments/t_2_theta_0.1",
    "t": 2,
    "theta": 0.1,
    "w0": [
        7.0,
        13.0,
        12.0
    ],
    "q": [
        1.0,
        1.0,
        1.0,
        1.0
    ],
    "max_size": 200.0,
    "min_size": 80.0,
    "time": 30.0,
    "rho_star": 92426068136.93102,
    "phi_star": 2625.940550103962
}