{
    "status": 9,
    "solcount": 10,
    "bestobj": 1.1399833877682601,
    "rho_tilde": 1.9558212689051624,
    "phi_tilde": 1.0493347343086055,
    "rho": 180768869863.48743,
    "phi": 2755.490629453534
}