{
    "status": 9,
    "solcount": 10,
    "bestobj": 1.0640117934911977,
    "rho_tilde": 1.6401177868243046,
    "phi_tilde": 1.000000016454186,
    "rho": 151589568215.1359,
    "phi": 4319.399655193675
}