{
    "status": 9,
    "solcount": 10,
    "bestobj": 1.2260139853692733,
    "rho_tilde": 1.1696968942508952,
    "phi_tilde": 1.3022076968823535,
    "rho": 108110434852.00198,
    "phi": 5624.755384353416
}