{
    "status": 2,
    "solcount": 10,
    "bestobj": 92426049882.7162,
    "rho_tilde": 92426049882.7166,
    "phi_tilde": 19887.33971994976,
    "rho": 92426049882.7166,
    "phi": 19887.33971994976
}