{
    "status": 2,
    "solcount": 10,
    "bestobj": 1.000779650105635,
    "rho_tilde": 1.0000004624492163,
    "phi_tilde": 1.779188118867014,
    "rho": 92426068136.92932,
    "phi": 7685.024420708042
}