{
    "status": 9,
    "solcount": 10,
    "bestobj": 2295.3432712901304,
    "rho_tilde": 14053225303362.49,
    "phi_tilde": 2295.3432712901304,
    "rho": 14053225303362.49,
    "phi": 2295.3432712901304
}