{
    "status": 9,
    "solcount": 10,
    "bestobj": 1.0014099909744323,
    "rho_tilde": 2.4099929581072113,
    "phi_tilde": 0.999999998014339,
    "rho": 222746173355.54105,
    "phi": 2625.940544889734
}