{
    "status": 9,
    "solcount": 10,
    "bestobj": 1.2227012692603538,
    "rho_tilde": 1.1696969841790297,
    "phi_tilde": 1.3022076968823353,
    "rho": 108110443163.70203,
    "phi": 5624.755384353338
}