{
    "status": 9,
    "solcount": 10,
    "bestobj": 1.0004019052371593,
    "rho_tilde": 0.9999999999999947,
    "phi_tilde": 1.4019052371630165,
    "rho": 92426068136.92735,
    "phi": 3217.8537531085244
}