{
    "status": 9,
    "solcount": 10,
    "bestobj": 1.1327175316847233,
    "rho_tilde": 1.1096777678418726,
    "phi_tilde": 1.1480773742466255,
    "rho": 102563152980.58691,
    "phi": 2635.2316758974325
}