{
    "status": 9,
    "solcount": 10,
    "bestobj": 1.0007128327045665,
    "rho_tilde": 1.0000001975007273,
    "phi_tilde": 1.7126354013318374,
    "rho": 92426068136.92868,
    "phi": 4064.286969451418
}