{
    "status": 9,
    "solcount": 10,
    "bestobj": 1.1340870171933348,
    "rho_tilde": 1.0243272753172759,
    "phi_tilde": 1.5731259846975614,
    "rho": 94674498760.84195,
    "phi": 6794.9597240733265
}