{
    "output": "experiments/t_10_theta_0.001",
    "t": 10,
    "theta": 0.001,
    "w0": [
        7.0,
        13.0,
        12.0
    ],
    "q": [
        1.0,
        1.0,
        1.0,
        1.0
    ],
    "max_size": 200.0,
    "min_size": 80.0,
    "time": 30.0,
    "rho_star": 92426069021.92918,
    "phi_star": 2254.3294858019804
}