{
    "status": 9,
    "solcount": 10,
    "bestobj": 1.001580582796466,
    "rho_tilde": 2.0104652307947033,
    "phi_tilde": 1.0005706882539251,
    "rho": 185819398187.62003,
    "phi": 2255.6160051600045
}