{
    "status": 2,
    "solcount": 10,
    "bestobj": 1.0736528745569212,
    "rho_tilde": 1.006815157130958,
    "phi_tilde": 1.675192331390635,
    "rho": 93055923280.64034,
    "phi": 7235.825059532186
}