{
    "status": 9,
    "solcount": 10,
    "bestobj": 1.233427164021263,
    "rho_tilde": 1.0847785147927642,
    "phi_tilde": 1.3820758132497664,
    "rho": 100261793119.93526,
    "phi": 3279.8298541632366
}