{
    "status": 9,
    "solcount": 10,
    "bestobj": 1.1889669540978558,
    "rho_tilde": 1.024327369555129,
    "phi_tilde": 1.57312598469756,
    "rho": 94674507470.87215,
    "phi": 6794.95972407332
}