{
    "status": 2,
    "solcount": 10,
    "bestobj": 2373.118625418352,
    "rho_tilde": 12528373398698.709,
    "phi_tilde": 2373.118625418352,
    "rho": 12528373398698.709,
    "phi": 2373.118625418352
}