{
    "status": 9,
    "solcount": 10,
    "bestobj": 1.1684683099902036,
    "rho_tilde": 1.0211143337956923,
    "phi_tilde": 1.5122942544440598,
    "rho": 94377564351.35757,
    "phi": 3588.853662334359
}