{
    "status": 9,
    "solcount": 10,
    "bestobj": 1.2573452584691507,
    "rho_tilde": 1.4982138992775318,
    "phi_tilde": 1.154115840979846,
    "rho": 138474019938.32227,
    "phi": 3030.6395863463135
}