{
    "status": 9,
    "solcount": 10,
    "bestobj": 1.0011616164789157,
    "rho_tilde": 2.085318862943889,
    "phi_tilde": 1.0000763739899619,
    "rho": 192737823954.95178,
    "phi": 2254.5840740989406
}