{
    "status": 2,
    "solcount": 3,
    "bestobj": 4319.399584121471,
    "rho_tilde": 14021001993503.47,
    "phi_tilde": 4319.399584121471,
    "rho": 14021001993503.47,
    "phi": 4319.399584121471
}