{
    "status": 2,
    "solcount": 10,
    "bestobj": 92426025394.58612,
    "rho_tilde": 92426025394.58632,
    "phi_tilde": 13098.672014559874,
    "rho": 92426025394.58632,
    "phi": 13098.672014559874
}