{
    "status": 9,
    "solcount": 10,
    "bestobj": 1.2507953155761378,
    "rho_tilde": 1.3223886915831393,
    "phi_tilde": 1.2201124401445642,
    "rho": 122223163172.60358,
    "phi": 2895.4715568117
}