{
    "status": 9,
    "solcount": 10,
    "bestobj": 1.2800074779445463,
    "rho_tilde": 1.1148749068008617,
    "phi_tilde": 1.4451400490882251,
    "rho": 103043504100.13106,
    "phi": 3794.8518554800003
}