{
    "status": 2,
    "solcount": 10,
    "bestobj": 2625.940550103962,
    "rho_tilde": 12549535567577.299,
    "phi_tilde": 2625.940550103962,
    "rho": 12549535567577.299,
    "phi": 2625.940550103962
}