{
    "status": 9,
    "solcount": 10,
    "bestobj": 1.2047199948878649,
    "rho_tilde": 1.401771646213941,
    "phi_tilde": 1.0986152595584389,
    "rho": 129560181770.38077,
    "phi": 4745.358295246223
}