{
    "status": 9,
    "solcount": 10,
    "bestobj": 1.143921980964653,
    "rho_tilde": 1.5170374782478586,
    "phi_tilde": 1.0506431066438497,
    "rho": 140213804519.09653,
    "phi": 2371.3736032319885
}