{
    "status": 9,
    "solcount": 10,
    "bestobj": 1.20445965281587,
    "rho_tilde": 1.057249951957355,
    "phi_tilde": 1.384382620531837,
    "rho": 97717436798.11023,
    "phi": 3285.304181489569
}