{
    "status": 9,
    "solcount": 10,
    "bestobj": 1.2293268045585002,
    "rho_tilde": 1.1696969835662718,
    "phi_tilde": 1.3022076968823422,
    "rho": 108110443107.06726,
    "phi": 5624.755384353367
}