{
    "status": 9,
    "solcount": 10,
    "bestobj": 1.0432623885268686,
    "rho_tilde": 2.4985922769379094,
    "phi_tilde": 1.0418056018517827,
    "rho": 230935060034.6649,
    "phi": 2391.301478202854
}