{
    "status": 9,
    "solcount": 10,
    "bestobj": 1.1682241863422405,
    "rho_tilde": 2.1759436505087257,
    "phi_tilde": 1.0562553569904076,
    "rho": 201113909202.41455,
    "phi": 2384.0408374644294
}