{
    "status": 9,
    "solcount": 10,
    "bestobj": 1.2106504472284565,
    "rho_tilde": 1.6099338262905447,
    "phi_tilde": 1.1108296024629354,
    "rho": 148799824136.6027,
    "phi": 2636.130419270856
}