{
    "status": 9,
    "solcount": 10,
    "bestobj": 1.2338038749706686,
    "rho_tilde": 1.26634644178624,
    "phi_tilde": 1.207178138485202,
    "rho": 117043368386.87904,
    "phi": 5214.284749333513
}