{
    "status": 9,
    "solcount": 10,
    "bestobj": 1.0188413037163864,
    "rho_tilde": 2.568078784911602,
    "phi_tilde": 1.017290515446922,
    "rho": 237357377876.98593,
    "phi": 2414.151069668527
}