{
    "status": 9,
    "solcount": 10,
    "bestobj": 1.1524282306698634,
    "rho_tilde": 1.0924206591172831,
    "phi_tilde": 1.2015253346674277,
    "rho": 100968142808.84068,
    "phi": 2711.9251477758676
}