{
    "status": 9,
    "solcount": 10,
    "bestobj": 1.2387609968385624,
    "rho_tilde": 1.0508920999029834,
    "phi_tilde": 1.5205643422419335,
    "rho": 97129824830.19566,
    "phi": 3992.911565335252
}