{
    "status": 9,
    "solcount": 10,
    "bestobj": 1.150314952393409,
    "rho_tilde": 1.0651866635350389,
    "phi_tilde": 1.2199653705502513,
    "rho": 98451015142.43634,
    "phi": 2800.23930449949
}