{
    "status": 9,
    "solcount": 10,
    "bestobj": 1.1535238689997533,
    "rho_tilde": 1.0941710362849841,
    "phi_tilde": 1.212876701714516,
    "rho": 101129923282.65613,
    "phi": 2737.5459623092156
}