{
    "status": 2,
    "solcount": 10,
    "bestobj": 92426069021.92903,
    "rho_tilde": 92426069021.92918,
    "phi_tilde": 7801.268770560002,
    "rho": 92426069021.92918,
    "phi": 7801.268770560002
}