{
    "status": 9,
    "solcount": 10,
    "bestobj": 1.2198778224964117,
    "rho_tilde": 1.4017716669033464,
    "phi_tilde": 1.098615259558452,
    "rho": 129560183682.62029,
    "phi": 4745.358295246279
}