{
    "status": 9,
    "solcount": 10,
    "bestobj": 1.0710594744949244,
    "rho_tilde": 1.0218614631214427,
    "phi_tilde": 1.2678515199888638,
    "rho": 94446637216.96324,
    "phi": 2910.1544554014026
}