{
    "status": 9,
    "solcount": 10,
    "bestobj": 1.0008034147392844,
    "rho_tilde": 0.9999999999999661,
    "phi_tilde": 1.8034147393064601,
    "rho": 92426068136.92789,
    "phi": 4735.659892599999
}