{
    "status": 9,
    "solcount": 10,
    "bestobj": 1.2011541190648114,
    "rho_tilde": 1.5179841762146031,
    "phi_tilde": 1.1219466047773639,
    "rho": 140301308901.5892,
    "phi": 2575.252590022529
}