{
    "status": 9,
    "solcount": 10,
    "bestobj": 1.2622446064780697,
    "rho_tilde": 1.0508920999029834,
    "phi_tilde": 1.5205643367365087,
    "rho": 97129824830.19566,
    "phi": 3992.9115508783334
}