{
    "status": 9,
    "solcount": 10,
    "bestobj": 1.1069772605600565,
    "rho_tilde": 1.0298586299925625,
    "phi_tilde": 1.2012333645870141,
    "rho": 95185780640.60796,
    "phi": 2711.266151264828
}