{
    "output": "experiments/t_1_theta_0.525",
    "t": 1,
    "theta": 0.525,
    "w0": [
        7.0,
        13.0,
        12.0
    ],
    "q": [
        1.0,
        1.0,
        1.0,
        1.0
    ],
    "max_size": 200.0,
    "min_size": 80.0,
    "time": 30.0,
    "rho_star": 92426025394.58632,
    "phi_star": 4319.399584121471
}