{
    "status": 9,
    "solcount": 10,
    "bestobj": 1.2326393488535028,
    "rho_tilde": 1.1696965577797866,
    "phi_tilde": 1.3022076968823493,
    "rho": 108110403753.31476,
    "phi": 5624.755384353398
}