{
    "output": "experiments/t_4_theta_0.7",
    "t": 4,
    "theta": 0.7,
    "w0": [
        7.0,
        13.0,
        12.0
    ],
    "q": [
        1.0,
        1.0,
        1.0,
        1.0
    ],
    "max_size": 200.0,
    "min_size": 80.0,
    "time": 30.0,
    "rho_star": 92426068136.92784,
    "phi_star": 2295.3432712901304
}