{
    "status": 9,
    "solcount": 10,
    "bestobj": 1.0941004400592544,
    "rho_tilde": 1.0360649521413792,
    "phi_tilde": 1.2295165785342916,
    "rho": 95759409860.902,
    "phi": 2822.1626054783496
}