{
    "status": 9,
    "solcount": 10,
    "bestobj": 1.1163233200308087,
    "rho_tilde": 1.0727540695042428,
    "phi_tilde": 1.1598925705573684,
    "rho": 99150440722.16577,
    "phi": 2662.3516072482685
}