{
    "status": 9,
    "solcount": 10,
    "bestobj": 1.0003294019534823,
    "rho_tilde": 1.0000000343169773,
    "phi_tilde": 1.3293676708349735,
    "rho": 92426068136.92831,
    "phi": 3000.474075043512
}