{
    "status": 9,
    "solcount": 10,
    "bestobj": 1.0309950416560207,
    "rho_tilde": 1.00081990181342,
    "phi_tilde": 1.302571300239443,
    "rho": 92501845263.41734,
    "phi": 2939.9928274239974
}