{
    "status": 9,
    "solcount": 10,
    "bestobj": 1.235283044988755,
    "rho_tilde": 1.2663463103932535,
    "phi_tilde": 1.207178185813248,
    "rho": 117043356242.74754,
    "phi": 5214.284953762255
}