{
    "status": 9,
    "solcount": 10,
    "bestobj": 1.1444310129821642,
    "rho_tilde": 1.9228925282851606,
    "phi_tilde": 1.0579352890596094,
    "rho": 177725395839.27368,
    "phi": 2428.3246472033534
}