{
    "status": 9,
    "solcount": 10,
    "bestobj": 1.05420669437438,
    "rho_tilde": 1.0120166923668383,
    "phi_tilde": 1.2229667024045294,
    "rho": 93536720554.5087,
    "phi": 2760.319786399989
}