{
    "status": 9,
    "solcount": 10,
    "bestobj": 1.2860412880855774,
    "rho_tilde": 1.3251865976819057,
    "phi_tilde": 1.254013307506762,
    "rho": 122481786771.4956,
    "phi": 3292.9643945519956
}