{
    "status": 9,
    "solcount": 10,
    "bestobj": 1.0851793856091414,
    "rho_tilde": 1.014280643644599,
    "phi_tilde": 1.2506097835264167,
    "rho": 93745968662.38493,
    "phi": 2822.7121177919894
}