{
    "status": 9,
    "solcount": 10,
    "bestobj": 1.1919960387147068,
    "rho_tilde": 1.0456144388058977,
    "phi_tilde": 1.5335531051685676,
    "rho": 96642031366.03278,
    "phi": 4027.0192845999873
}