{
    "status": 9,
    "solcount": 10,
    "bestobj": 1.1743701567606057,
    "rho_tilde": 1.659652703088836,
    "phi_tilde": 1.1204498738352489,
    "rho": 153395143523.6742,
    "phi": 2658.960464446072
}