{
    "status": 9,
    "solcount": 10,
    "bestobj": 1.1600294580809556,
    "rho_tilde": 1.6401177868243046,
    "phi_tilde": 1.0000000151665047,
    "rho": 151589568215.1359,
    "phi": 4319.399649631665
}