{
    "status": 9,
    "solcount": 10,
    "bestobj": 2254.32948580198,
    "rho_tilde": 8051849134077.795,
    "phi_tilde": 2254.3294858019804,
    "rho": 8051849134077.795,
    "phi": 2254.3294858019804
}