{
    "status": 9,
    "solcount": 10,
    "bestobj": 1.2325332171443952,
    "rho_tilde": 1.265420062745942,
    "phi_tilde": 1.2106086534100344,
    "rho": 116957777841.94681,
    "phi": 2872.9179434999833
}