{
    "status": 9,
    "solcount": 10,
    "bestobj": 1.1259080806697013,
    "rho_tilde": 1.166819041062843,
    "phi_tilde": 1.1083748119297843,
    "rho": 107844492491.84268,
    "phi": 2501.678024513498
}