{
    "status": 9,
    "solcount": 10,
    "bestobj": 1.192707556826556,
    "rho_tilde": 1.1802922214791451,
    "phi_tilde": 1.198028414832593,
    "rho": 109089769283.91739,
    "phi": 2749.8864608003732
}