{
    "output": "experiments/t_5_theta_0.001",
    "t": 5,
    "theta": 0.001,
    "w0": [
        7.0,
        13.0,
        12.0
    ],
    "q": [
        1.0,
        1.0,
        1.0,
        1.0
    ],
    "max_size": 200.0,
    "min_size": 80.0,
    "time": 30.0,
    "rho_star": 92426064965.14514,
    "phi_star": 2257.068635615999
}