{
    "status": 9,
    "solcount": 10,
    "bestobj": 1.0272915972122016,
    "rho_tilde": 2.1943910664725843,
    "phi_tilde": 1.0261233294752046,
    "rho": 202818931268.72922,
    "phi": 2316.030783232346
}