{
    "status": 9,
    "solcount": 10,
    "bestobj": 1.1975374896241078,
    "rho_tilde": 1.0452473025395268,
    "phi_tilde": 1.425972770250978,
    "rho": 96608079324.29327,
    "phi": 3384.0025404220005
}