{
    "status": 9,
    "solcount": 10,
    "bestobj": 1.10803064491575,
    "rho_tilde": 1.0249144787089517,
    "phi_tilde": 1.4404953097429707,
    "rho": 94728796734.67204,
    "phi": 3418.466249378822
}