{
    "status": 9,
    "solcount": 10,
    "bestobj": 1.127944363855972,
    "rho_tilde": 1.0677905088636843,
    "phi_tilde": 1.2181751463444015,
    "rho": 98691674941.40027,
    "phi": 2749.5049155008783
}