{
    "status": 9,
    "solcount": 10,
    "bestobj": 1.0364470321972197,
    "rho_tilde": 1.004513382224808,
    "phi_tilde": 1.3238498819488551,
    "rho": 92843222309.96594,
    "phi": 3038.689918729538
}