{
    "status": 9,
    "solcount": 10,
    "bestobj": 1.0779462479456807,
    "rho_tilde": 1.0821331325800594,
    "phi_tilde": 1.0751549915227565,
    "rho": 100017307212.7806,
    "phi": 2426.698609791999
}