{
    "status": 9,
    "solcount": 10,
    "bestobj": 1.1170713341119283,
    "rho_tilde": 1.0673065893393658,
    "phi_tilde": 1.1917184512707837,
    "rho": 98646951549.2723,
    "phi": 2735.4029283966884
}