{
    "status": 9,
    "solcount": 10,
    "bestobj": 1.0006401426838205,
    "rho_tilde": 1.6401177868243046,
    "phi_tilde": 1.0000000249219183,
    "rho": 151589568215.1359,
    "phi": 4319.399691769195
}