{
    "status": 2,
    "solcount": 10,
    "bestobj": 92426064965.14514,
    "rho_tilde": 92426064965.14531,
    "phi_tilde": 15004.231177425356,
    "rho": 92426064965.14531,
    "phi": 15004.231177425356
}