{
    "status": 9,
    "solcount": 10,
    "bestobj": 2254.411895667451,
    "rho_tilde": 11046294436290.13,
    "phi_tilde": 2254.411895667451,
    "rho": 11046294436290.13,
    "phi": 2254.411895667451
}