{
    "status": 9,
    "solcount": 10,
    "bestobj": 1.1895621821883444,
    "rho_tilde": 1.401771668324755,
    "phi_tilde": 1.0986152595584522,
    "rho": 129560183813.99544,
    "phi": 4745.35829524628
}