{
    "status": 9,
    "solcount": 10,
    "bestobj": 1.074428901515696,
    "rho_tilde": 1.0100659347856331,
    "phi_tilde": 1.6536956020862237,
    "rho": 93356422911.28984,
    "phi": 4342.5063390468
}