{
    "status": 2,
    "solcount": 10,
    "bestobj": 92426068444.4486,
    "rho_tilde": 92426068444.44868,
    "phi_tilde": 7963.85419734221,
    "rho": 92426068444.44868,
    "phi": 7963.85419734221
}