{
    "status": 9,
    "solcount": 10,
    "bestobj": 1.0545211733699684,
    "rho_tilde": 1.004513585659407,
    "phi_tilde": 1.5045894627651002,
    "rho": 92843222776.02286,
    "phi": 3570.5692776960514
}