{
    "status": 9,
    "solcount": 10,
    "bestobj": 1.200443657032089,
    "rho_tilde": 1.144220714414855,
    "phi_tilde": 1.2691605868976166,
    "rho": 105755821714.19165,
    "phi": 2913.159213322077
}