{
    "status": 9,
    "solcount": 10,
    "bestobj": 1.2251757591661565,
    "rho_tilde": 1.7522281203007208,
    "phi_tilde": 1.0934126688825174,
    "rho": 161951555638.361,
    "phi": 2871.236665215999
}