{
    "status": 2,
    "solcount": 10,
    "bestobj": 92426068136.92757,
    "rho_tilde": 92426068136.92784,
    "phi_tilde": 8556.510410447489,
    "rho": 92426068136.92784,
    "phi": 8556.510410447489
}