{
    "status": 9,
    "solcount": 10,
    "bestobj": 1.2355831026259658,
    "rho_tilde": 1.2112129279431616,
    "phi_tilde": 1.2555223364573571,
    "rho": 111947626496.66588,
    "phi": 2979.5034412757213
}