{
    "status": 9,
    "solcount": 10,
    "bestobj": 1.1280232774714365,
    "rho_tilde": 1.6401162876695008,
    "phi_tilde": 1.0000000249219185,
    "rho": 151589429654.2159,
    "phi": 4319.399691769196
}