{
    "status": 9,
    "solcount": 10,
    "bestobj": 1.1355612709229823,
    "rho_tilde": 1.013510023177355,
    "phi_tilde": 1.6237662619055468,
    "rho": 93674746459.65276,
    "phi": 4263.913671028506
}