{
    "status": 9,
    "solcount": 10,
    "bestobj": 1.2367623324223742,
    "rho_tilde": 1.2663465275140815,
    "phi_tilde": 1.2071781373306674,
    "rho": 117043376310.3627,
    "phi": 5214.284744346616
}