{
    "status": 9,
    "solcount": 10,
    "bestobj": 2257.068635615999,
    "rho_tilde": 14067515730168.318,
    "phi_tilde": 2257.068635615999,
    "rho": 14067515730168.318,
    "phi": 2257.068635615999
}