{
    "status": 9,
    "solcount": 10,
    "bestobj": 1.2754198295636527,
    "rho_tilde": 1.350282394431694,
    "phi_tilde": 1.2255114529849664,
    "rho": 124801292591.8421,
    "phi": 3218.1202190100485
}