{
    "status": 9,
    "solcount": 10,
    "bestobj": 92426068136.93098,
    "rho_tilde": 92426068136.93102,
    "phi_tilde": 7802.396869984001,
    "rho": 92426068136.93102,
    "phi": 7802.396869984001
}